Comment,Designator,Footprint,LCSC Part #
100nF,"C1,C2,C3",C_0603_1608Metric,C14663
OPENER,J1,"TerminalBlock_Phoenix_MKDS-1,5-3-5.08_1x03_P5.08mm_Horizontal",C474953
SENSORS,J2,"TerminalBlock_Phoenix_MKDS-1,5-3-5.08_1x03_P5.08mm_Horizontal",C474953
XIAO L,J3,PinSocket_1x07_P2.54mm_Vertical,C2932672
XIAO R,J4,PinSocket_1x07_P2.54mm_Vertical,C2932672
AO3400A,Q1,SOT-23,C20917
2N7002,Q2,SOT-23,C8545
10k,"R1,R2,R5,R6,R7,R8",R_0603_1608Metric,C25804
1k,"R3,R9,R10",R_0603_1608Metric,C21190
100k,R4,R_0603_1608Metric,C25803
