Designator,Mid X,Mid Y,Layer,Rotation
C1,44.000mm,-28.000mm,Top,0
C2,44.000mm,-31.500mm,Top,0
C3,44.000mm,-22.000mm,Top,90
J1,15.580mm,-43.100mm,Top,0
J2,35.080mm,-43.100mm,Top,0
J3,13.000mm,-11.620mm,Top,0
J4,28.240mm,-11.620mm,Top,0
Q1,37.000mm,-9.000mm,Top,180
Q2,37.000mm,-16.000mm,Top,180
R1,43.000mm,-9.000mm,Top,90
R2,43.000mm,-16.000mm,Top,90
R3,33.000mm,-19.500mm,Top,0
R4,39.000mm,-19.500mm,Top,0
R5,33.000mm,-24.000mm,Top,0
R6,39.000mm,-24.000mm,Top,0
R7,39.000mm,-28.000mm,Top,0
R8,39.000mm,-31.500mm,Top,0
R9,33.000mm,-28.000mm,Top,0
R10,33.000mm,-31.500mm,Top,0
